Codigo,Nombre,URL,Fecha
cod. NATARG-215285,Kit Humor A Dois: Eau De Toilette 25ml + Jabón,https://www.naturacosmeticos.com.ar/p/kit-humor-a-dois-eau-de-toilette-25ml--jabon/NATARG-215285?position=914&listTitle=category+page+list+showcase+-+todos+productos,13/06/2026 22:00
cod. NATARG-231312,Kit Tododia Mora y Flor de Durazno,https://www.naturacosmeticos.com.ar/p/kit-tododia-mora-y-flor-de-durazno/NATARG-231312?position=935&listTitle=category+page+list+showcase+-+todos+productos,13/06/2026 22:00
cod. NATARG-100679,Body splash Ciruela y Flor de Vainilla Tododia 200ml,https://www.naturacosmeticos.com.ar/p/body-splash-ciruela-y-flor-de-vainilla-200-ml/NATARG-100679?position=950&listTitle=category+page+list+showcase+-+todos+productos,13/06/2026 22:00
cod. NATARG-1897,Eau de Parfum Femenino Beijo de Humor 75ml,https://www.naturacosmeticos.com.ar/p/beijo-de-humor-femenino-75ml/NATARG-1897?position=951&listTitle=category+page+list+showcase+-+todos+productos,13/06/2026 22:00
cod. NATARG-2825,Repuesto Crema Nutritiva Tododia Frutas Rojas 400 ml,https://www.naturacosmeticos.com.ar/p/repuesto-hidratante-corporal-frutas-rojas-400ml-tododia/NATARG-2825?position=952&listTitle=category+page+list+showcase+-+todos+productos,13/06/2026 22:00
cod. NATARG-1921,Eau de Toilette Masculino Beijo de Humor 75ml,https://www.naturacosmeticos.com.ar/p/beijo-de-humor-masculino-75ml/NATARG-1921?position=953&listTitle=category+page+list+showcase+-+todos+productos,13/06/2026 22:00
cod. NATARG-197516,Miniatura Eau de Toilette Paz y Humor 25ml,https://www.naturacosmeticos.com.ar/p/paz-y-humor-eau-de-toilette-miniatura-25-ml/NATARG-197516?position=954&listTitle=category+page+list+showcase+-+todos+productos,13/06/2026 22:00
cod. NATARG-22621,Eau de Toilette Copaiba Ekos 100ml,https://www.naturacosmeticos.com.ar/p/ekos-copaiba-eau-de-toilette-100-ml/NATARG-22621?position=955&listTitle=category+page+list+showcase+-+todos+productos,13/06/2026 22:00
cod. NATARG-162095,Body splash Limón Siciliano y Flor de Gardenia Tododia 200ml,https://www.naturacosmeticos.com.ar/p/tododia-limon-siciliano-y-flor-de-gardenia-body-splash-femenino-200-ml/NATARG-162095?position=956&listTitle=category+page+list+showcase+-+todos+productos,13/06/2026 22:00
cod. NATARG-134585,Repuesto Crema Antiseñales 45+ Día,https://www.naturacosmeticos.com.ar/p/repuesto-gel-crema-antisenales-firmeza-y-luminosidad-45-dia-chronos-derma-40g/NATARG-134585?position=957&listTitle=category+page+list+showcase+-+todos+productos,13/06/2026 22:00
cod. NATARG-134723,Repuesto Crema Antiseñales​ 70+​ Día,https://www.naturacosmeticos.com.ar/p/repuesto-crema-antisenales-restauracion-y-cuidado-70-dia-chronos-derma-40g/NATARG-134723?position=958&listTitle=category+page+list+showcase+-+todos+productos,13/06/2026 22:00
cod. NATARG-122113,Corrector Cobertura Extrema Una 8 ml,https://www.naturacosmeticos.com.ar/p/corrector-cobertura-extrema-8-ml/NATARG-122113?position=959&listTitle=category+page+list+showcase+-+todos+productos,13/06/2026 22:00
cod. NATARG-177713,Eau de Parfum Femenino Una Celebrar 50ml,https://www.naturacosmeticos.com.ar/p/una-celebrar-eau-de-parfum-femenino-50-ml/NATARG-177713?position=960&listTitle=category+page+list+showcase+-+todos+productos,13/06/2026 22:00
cod. NATARG-156235,Spray Hidratación Manzana verde y Aloe Vera Tododia 200ml,https://www.naturacosmeticos.com.ar/p/spray-hidratante-manzana-verde-y-aloe-vera-tododia-200-ml/NATARG-156235?position=961&listTitle=category+page+list+showcase+-+todos+productos,13/06/2026 22:00
cod. NATARG-132558,Crema Nutritiva Flor de Lis 400 ml,https://www.naturacosmeticos.com.ar/p/crema-nutritiva-flor-de-lis-400-ml/NATARG-132558?position=962&listTitle=category+page+list+showcase+-+todos+productos,13/06/2026 22:00
cod. NATARG-134589,Repuesto Crema Antiseñales 45+ Noche,https://www.naturacosmeticos.com.ar/p/repuesto-gel-crema-antisenales-firmeza-y-luminosidad-45-noche-chronos-derma-40g/NATARG-134589?position=963&listTitle=category+page+list+showcase+-+todos+productos,13/06/2026 22:00
cod. NATARG-73214,Crema de Masajes Ekos Andiroba 100 g,https://www.naturacosmeticos.com.ar/p/fluido-de-masajes-ekos-andiroba-100-g/NATARG-73214?position=964&listTitle=category+page+list+showcase+-+todos+productos,13/06/2026 22:00
cod. NATARG-245688,Kit Repuesto Crema Antiseñales 80+ Día y Noche,https://www.naturacosmeticos.com.ar/p/kit-repuesto-antisenales-80-dia-y-noche-chronos-derma/NATARG-245688?position=965&listTitle=category+page+list+showcase+-+todos+productos,13/06/2026 22:00
cod. NATARG-134694,Repuesto Crema Antiseñales​ 80+ Día,https://www.naturacosmeticos.com.ar/p/repuesto-crema-antisenales-fortalecimiento-y-nutricion-80-dia-chronos-derma-40g/NATARG-134694?position=966&listTitle=category+page+list+showcase+-+todos+productos,13/06/2026 22:00
cod. NATARG-148406,Repuesto Máscara Definición y Hidratación Lumina 250ml,https://www.naturacosmeticos.com.ar/p/repuesto-mascara-recuperadora-cabellos-rizados-250-ml/NATARG-148406?position=967&listTitle=category+page+list+showcase+-+todos+productos,13/06/2026 22:00
cod. NATARG-86022,Jabón Líquido Corporal Tododia Avellana y Casis 300 ml,https://www.naturacosmeticos.com.ar/p/jabon-liquido-en-gel-avellana-y-casis-300ml-tododia/NATARG-86022?position=968&listTitle=category+page+list+showcase+-+todos+productos,13/06/2026 22:00
cod. NATURE-3,Jabones en Barra Naturé 3 unidades de 90 g c/u,https://www.naturacosmeticos.com.ar/p/jabones-en-barra-nature-3-unidades-de-90-g-cu/NATARG-126266?position=969&listTitle=category+page+list+showcase+-+todos+productos,13/06/2026 22:00
cod. NATARG-154866,Shampoo Hidratación Manzana verde y Aloe Vera Tododia 300ml,https://www.naturacosmeticos.com.ar/p/shampoo-hidratante-manzana-verde-y-aloe-vera-tododia-300-ml/NATARG-154866?position=970&listTitle=category+page+list+showcase+-+todos+productos,13/06/2026 22:00
cod. NATARG-2830,Jabones en barra puro vegetal,https://www.naturacosmeticos.com.ar/p/jabones-en-barra-puro-vegetal/NATARG-2830?position=971&listTitle=category+page+list+showcase+-+todos+productos,13/06/2026 22:00
cod. NATARG-118442,Body splash Humor liberta 200ml,https://www.naturacosmeticos.com.ar/p/body-splash-humor-liberta-200-ml/NATARG-118442?position=972&listTitle=category+page+list+showcase+-+todos+productos,13/06/2026 22:00
cod. NATARG-74074,Shampoo Nutritivo Cabello Seco 300ml,https://www.naturacosmeticos.com.ar/p/shampoo-nutritivo-300ml/NATARG-74074?position=973&listTitle=category+page+list+showcase+-+todos+productos,13/06/2026 22:00
cod. NATARG-110190,Base Sérum Nude Me Una 30 ml,https://www.naturacosmeticos.com.ar/p/base-serum-nude-me-30ml/NATARG-110190?position=974&listTitle=category+page+list+showcase+-+todos+productos,13/06/2026 22:00
cod. NATARG-92573,"Lápiz Pro Labial Una 1,14 g",https://www.naturacosmeticos.com.ar/p/lapiz-pro-labial-rouge-14g/NATARG-92573?position=975&listTitle=category+page+list+showcase+-+todos+productos,13/06/2026 22:00
cod. NATARG-154873,Acondicionador Hidratación Manzana verde y Aloe Vera Tododia,https://www.naturacosmeticos.com.ar/p/acondicionador-hidratante-manzana-verde-y-aloe-vera-tododia-280-ml/NATARG-154873?position=976&listTitle=category+page+list+showcase+-+todos+productos,13/06/2026 22:00
cod. NATARG-2273,Válvula para colonias Aguas de Natura,https://www.naturacosmeticos.com.ar/p/valvula/NATARG-2273?position=977&listTitle=category+page+list+showcase+-+todos+productos,13/06/2026 22:00
cod. NATARG-101037,"Iluminador Dúo Súper Brillo Faces 2,5 g",https://www.naturacosmeticos.com.ar/p/iluminador-duo-super-brillo-faces-25-g/NATARG-101037?position=978&listTitle=category+page+list+showcase+-+todos+productos,13/06/2026 22:00
cod. NATARG-163718,Crema Nutritiva Tododia Limón Siciliano y Flor de Gardenia 80 ml,https://www.naturacosmeticos.com.ar/p/crema-nutritiva-tododia-limon-siciliano-y-flor-de-gardenia-80-ml/NATARG-163718?position=979&listTitle=category+page+list+showcase+-+todos+productos,13/06/2026 22:00
cod. NATARG-15811,Jabones en barra Sr.N,https://www.naturacosmeticos.com.ar/p/jabon-en-barra-puro-vegetal-sr-n-cremoso/NATARG-15811?position=980&listTitle=category+page+list+showcase+-+todos+productos,13/06/2026 22:00
cod. NATARG-126936,Shampoo Revitalizante Brillo Y Proteccion Del Color Lumina 300 ml,https://www.naturacosmeticos.com.ar/p/shampoo-revitalizante-brillo-y-proteccion-del-color-lumina-300-ml/NATARG-126936?position=981&listTitle=category+page+list+showcase+-+todos+productos,13/06/2026 22:00
cod. NATARG-150220,Hidratante Corporal Concentrado Ekos Castaña 30 ml,https://www.naturacosmeticos.com.ar/p/hidratante-corporal-concentrado-ekos-castana-30-ml/NATARG-150220?position=982&listTitle=category+page+list+showcase+-+todos+productos,13/06/2026 22:00
cod. NATARG-108135,Base Matte Una 30 ml,https://www.naturacosmeticos.com.ar/p/base-matte-25c-medio-claro-30-ml-una/NATARG-108135?position=983&listTitle=category+page+list+showcase+-+todos+productos,13/06/2026 22:00
cod. NATARG-150181,Body splash Avellana y Casis Tododia 200ml,https://www.naturacosmeticos.com.ar/p/tododia-avellana-y-casis-body-splash-200ml/NATARG-150181?position=984&listTitle=category+page+list+showcase+-+todos+productos,13/06/2026 22:00
cod. NATARG-173585,Repuesto Shampoo Hidratación Mora y Óleo de coco Tododia,https://www.naturacosmeticos.com.ar/p/repuesto-shampoo-cabello-rizado-tododia-mora-y-aceite-de-coco-300-ml/NATARG-173585?position=985&listTitle=category+page+list+showcase+-+todos+productos,13/06/2026 22:00
cod. NATARG-80976,Crema para Masajes Ekos Andiroba 100g,https://www.naturacosmeticos.com.ar/p/crema-para-masajes-ekos-andiroba-100-g/NATARG-80976?position=986&listTitle=category+page+list+showcase+-+todos+productos,13/06/2026 22:00
cod. NATARG-108636,Sérum Intensivo Lifting y Firmeza Chronos Derma 30 ml,https://www.naturacosmeticos.com.ar/p/serum-intensivo-lifting--firmeza-chronos-derma/NATARG-108636?position=987&listTitle=category+page+list+showcase+-+todos+productos,13/06/2026 22:00
cod. NATARG-2819,Repuesto Crema Nutritiva Tododia Frambuesa y Pimienta Rosa 400 ml,https://www.naturacosmeticos.com.ar/p/repuesto-hidratante-corporal-frambuesa-y-pimienta-rosa-400ml-tododia/NATARG-2819?position=988&listTitle=category+page+list+showcase+-+todos+productos,13/06/2026 22:00
cod. NATARG-120614,Eau de Toilette Masculino Kaiak Ultra 100ml,https://www.naturacosmeticos.com.ar/p/kaiak-ultra-edt-masculino-100-ml/NATARG-120614?position=989&listTitle=category+page+list+showcase+-+todos+productos,13/06/2026 22:00
cod. NATARG-95841,Body splash Cereza y Avellana Tododia 200ml,https://www.naturacosmeticos.com.ar/p/body-splash-tododia-cereza-y-avellana-200-ml/NATARG-95841?position=990&listTitle=category+page+list+showcase+-+todos+productos,13/06/2026 22:00
cod. NATARG-203,Eau de Parfum Femenino Humor Meu Primero 25ml,https://www.naturacosmeticos.com.ar/p/humor-meu-primeiro-humor-eau-de-toilette-femenino-25-ml/NATARG-203?position=991&listTitle=category+page+list+showcase+-+todos+productos,13/06/2026 22:00
cod. NATARG-122122,Corrector Cobertura Extrema Una 8 ml,https://www.naturacosmeticos.com.ar/p/corrector-cobertura-extrema-8-ml/NATARG-122122?position=992&listTitle=category+page+list+showcase+-+todos+productos,13/06/2026 22:00
cod. NATARG-59363,Espuma Limpieza Suave Chronos,https://www.naturacosmeticos.com.ar/p/chronos-espuma-cremosa-150ml/NATARG-59363?position=993&listTitle=category+page+list+showcase+-+todos+productos,13/06/2026 22:00
cod. NATARG-169170,Eau de Parfum Masculino Essencial Supreme 100ml,https://www.naturacosmeticos.com.ar/p/essencial-supreme-edp-masculino-100-ml/NATARG-169170?position=994&listTitle=category+page+list+showcase+-+todos+productos,13/06/2026 22:00
cod. NATARG-122499,óleo fortalecedor finalizador Ekos Patauá 60 ml,https://www.naturacosmeticos.com.ar/p/oleo-fortalecedor-finalizador-ekos-pataua-60-ml/NATARG-122499?position=995&listTitle=category+page+list+showcase+-+todos+productos,13/06/2026 22:00
cod. NATARG-181013,Body splash Manzana caramelizada y vainilla Tododia 200ml,https://www.naturacosmeticos.com.ar/p/body-splash-tododia-manzana-caramelizada-y-vainilla-200-ml/NATARG-181013?position=996&listTitle=category+page+list+showcase+-+todos+productos,13/06/2026 22:00
cod. NATARG-110271,Trío de perfumes miniatura Essencial masculino oud vainilla - oud - oud pimienta -  3 x 25 ml,https://www.naturacosmeticos.com.ar/p/trio-de-perfumes-miniatura-essencial-masculino-oud-vainilla-oud-oud-pimienta-25-ml/NATARG-110271?position=997&listTitle=category+page+list+showcase+-+todos+productos,13/06/2026 22:00
cod. NATARG-58003,Repuesto Antiseñales 60+ Noche,https://www.naturacosmeticos.com.ar/p/repuesto-antisenales-60-noche/NATARG-58003?position=998&listTitle=category+page+list+showcase+-+todos+productos,13/06/2026 22:00
cod. NATARG-69059,Agua Micelar Purificante Chronos,https://www.naturacosmeticos.com.ar/p/chronos-desmaquillante-micelar-150ml-rg/NATARG-69059?position=999&listTitle=category+page+list+showcase+-+todos+productos,13/06/2026 22:00
cod. NATARG-132682,Néctar para manos maracuyá naturaleza de los sueños Ekos,https://www.naturacosmeticos.com.ar/p/nectar-para-manos-maracuya-naturaleza-de-los-suenos-75-g/NATARG-132682?position=1000&listTitle=category+page+list+showcase+-+todos+productos,13/06/2026 22:00
cod. NATARG-155856,Jabón Líquido Corporal Tododia Frutas Rojas 400ml,https://www.naturacosmeticos.com.ar/p/jabon-liquido-corporal-tododia-frutas-rojas-400ml/NATARG-155856?position=1001&listTitle=category+page+list+showcase+-+todos+productos,13/06/2026 22:00
cod. NATARG-110181,Base Sérum Nude Me Una 30 ml,https://www.naturacosmeticos.com.ar/p/base-serum-nude-me-30ml/NATARG-110181?position=1002&listTitle=category+page+list+showcase+-+todos+productos,13/06/2026 22:00
cod. NATARG-59364,Exfoliante antiseñales,https://www.naturacosmeticos.com.ar/p/exfoliante-antisenales-50g/NATARG-59364?position=1003&listTitle=category+page+list+showcase+-+todos+productos,13/06/2026 22:00
cod. NATARG-116188,"Labial Multimix Cremoso Faces 3,5 g",https://www.naturacosmeticos.com.ar/p/labial-multimix-cremoso-35-g/NATARG-116188?position=1004&listTitle=category+page+list+showcase+-+todos+productos,13/06/2026 22:00
cod. NATARG-91821,Hidratante Facial Piel Mixta a Oleosa Faces 50 ml,https://www.naturacosmeticos.com.ar/p/hidratante-aclarador-piel-mixta-a-grasa/NATARG-91821?position=1005&listTitle=category+page+list+showcase+-+todos+productos,13/06/2026 22:00
cod. NATURA-774,Vela Perfumada Natura 774 Rosa Capitiú 170 g,https://www.naturacosmeticos.com.ar/p/vela-perfumada-natura-774-rosa-capitiu-170-g/NATARG-151029?position=1006&listTitle=category+page+list+showcase+-+todos+productos,13/06/2026 22:00
cod. NATARG-15820,Esmalte 3D Gel Una 8 ml,https://www.naturacosmeticos.com.ar/p/esmaltes-3d-gel-macrame-920/NATARG-15820?position=1007&listTitle=category+page+list+showcase+-+todos+productos,13/06/2026 22:00
cod. NATARG-75242,Rubor Intense Me Una 6 g,https://www.naturacosmeticos.com.ar/p/rubor-intense-me-una/NATARG-75242?position=1008&listTitle=category+page+list+showcase+-+todos+productos,13/06/2026 22:00
cod. NATARG-12179,"Labial Matte Faces 3,5 g",https://www.naturacosmeticos.com.ar/p/labial-matte-faces-35-g/NATARG-12179?position=1009&listTitle=category+page+list+showcase+-+todos+productos,13/06/2026 22:00
cod. NATARG-12189,"Labial Matte Faces 3,5 g",https://www.naturacosmeticos.com.ar/p/labial-matte-faces-35-g/NATARG-12189?position=1010&listTitle=category+page+list+showcase+-+todos+productos,13/06/2026 22:00
cod. NATARG-8882,"Polvo Compacto Matte Faces 6,5 g",https://www.naturacosmeticos.com.ar/p/polvo-compacto-mate-faces/NATARG-8882?position=1011&listTitle=category+page+list+showcase+-+todos+productos,13/06/2026 22:00
cod. NATARG-23083,Crema Nutritiva Tododia Frutas Rojas 200 ml,https://www.naturacosmeticos.com.ar/p/crema-nutritiva-tododia-frutas-rojas-200ml/NATARG-23083?position=1012&listTitle=category+page+list+showcase+-+todos+productos,13/06/2026 22:00
cod. NATARG-134724,Crema Nutritiva Tododia Lichia y Flor de Casis 200 ml,https://www.naturacosmeticos.com.ar/p/crema-nutritiva-lichia-y-flor-de-casis-tododia-200ml/NATARG-134724?position=1013&listTitle=category+page+list+showcase+-+todos+productos,13/06/2026 22:00
cod. NATARG-138467,Delineador en Fibra para Ojos Una 1 ml,https://www.naturacosmeticos.com.ar/p/delineador-en-fibra-para-ojos-una-1-ml/NATARG-138467?position=1014&listTitle=category+page+list+showcase+-+todos+productos,13/06/2026 22:00
cod. NATARG-139801,Oleo hidratante corporal Bothanica origins 190 ml,https://www.naturacosmeticos.com.ar/p/oleo-hidratante-corporal-bothanica-origins-190-ml/NATARG-139801?position=1015&listTitle=category+page+list+showcase+-+todos+productos,13/06/2026 22:00
cod. NATARG-16266,Shampoo en Barra uso diario Biome 90g,https://www.naturacosmeticos.com.ar/p/biome-shampoo-de-uso-diario-en-barra-90g/NATARG-16266?position=1016&listTitle=category+page+list+showcase+-+todos+productos,13/06/2026 22:00
cod. NATARG-167185,"Labial Multimix Cremoso Faces Vermelho Hot 3,5 g",https://www.naturacosmeticos.com.ar/p/labial-multimix-cremoso-faces-vermelho-hot-35-g/NATARG-167185?position=1017&listTitle=category+page+list+showcase+-+todos+productos,13/06/2026 22:00
cod. NATARG-92799,Toallitas de Limpieza MM&BB Sin Fragancia 50 unidades,https://www.naturacosmeticos.com.ar/p/natura-mama-y-bebe-toallitas-humedas-sin-fragancia/NATARG-92799?position=1018&listTitle=category+page+list+showcase+-+todos+productos,13/06/2026 22:00
cod. NATARG-166351,Gel Secativo de Granos Faces 15 g,https://www.naturacosmeticos.com.ar/p/gel-secativo-de-granos-faces-15-g/NATARG-166351?position=1019&listTitle=category+page+list+showcase+-+todos+productos,13/06/2026 22:00
cod. NATARG-00046,Producto sin nombre,https://www.naturacosmeticos.com.ar/p/rubor-intense-me-una/NATARG-00046?position=1020&listTitle=category+page+list+showcase+-+todos+productos,13/06/2026 22:00
cod. NATARG-151705,"Mini Chubby Matte Faces 1,2 g",https://www.naturacosmeticos.com.ar/p/mini-chubby-matte-faces-12g/NATARG-151705?position=1021&listTitle=category+page+list+showcase+-+todos+productos,13/06/2026 22:00
cod. NATARG-21454,"Iluminador Marmolizado de Cuerpo y Rostro Una 3,5 g",https://www.naturacosmeticos.com.ar/p/iluminador-marmolizado-de-cuerpo-y-rostro/NATARG-21454?position=1022&listTitle=category+page+list+showcase+-+todos+productos,13/06/2026 22:00
cod. NATARG-121492,Acondicionador en Barra Biome 75g,https://www.naturacosmeticos.com.ar/p/biome-acondicionador-en-barra-75g/NATARG-121492?position=1023&listTitle=category+page+list+showcase+-+todos+productos,13/06/2026 22:00
cod. NATARG-69050,Protector Aclarador FPS 50+ Chronos Derma 50 ml,https://www.naturacosmeticos.com.ar/p/protector-aclarador-fps-50-mediooscuro-chronos-derma-50ml/NATARG-69050?position=1024&listTitle=category+page+list+showcase+-+todos+productos,13/06/2026 22:00
cod. NATARG-174612,Manteca Hidratante Corporal Tododia Cereza y Avellana 200 ml,https://www.naturacosmeticos.com.ar/p/manteca-hidratante-corporal-tododia-cereza-y-avellana-200-ml/NATARG-174612?position=1025&listTitle=category+page+list+showcase+-+todos+productos,13/06/2026 22:00
cod. NATARG-2788,Crema Nutritiva Tododia Dátiles y Canela 400 ml,https://www.naturacosmeticos.com.ar/p/crema-nutritiva-datiles-y-canela-tododia-400-ml/NATARG-2788?position=1026&listTitle=category+page+list+showcase+-+todos+productos,13/06/2026 22:00
cod. NATARG-108150,Base Matte Una 30 ml,https://www.naturacosmeticos.com.ar/p/base-matte-35c-medio-oscuro-30-ml-una/NATARG-108150?position=1027&listTitle=category+page+list+showcase+-+todos+productos,13/06/2026 22:00
cod. NATARG-8848,"Polvo Compacto Matte Faces 6,5 g",https://www.naturacosmeticos.com.ar/p/polvo-compacto-mate-faces/NATARG-8848?position=1028&listTitle=category+page+list+showcase+-+todos+productos,13/06/2026 22:00
cod. NATARG-106122,Máscara Alargamiento Infinito a Prueba de Agua Una 8 ml,https://www.naturacosmeticos.com.ar/p/mascara-una-alargamiento-infinito-a-prueba-de-agua-8-ml/NATARG-106122?position=1029&listTitle=category+page+list+showcase+-+todos+productos,13/06/2026 22:00
cod. NATARG-92595,Repuesto Rubor Intense Me Una 6 g,https://www.naturacosmeticos.com.ar/p/repuesto-rubor-intense-me/NATARG-92595?position=1030&listTitle=category+page+list+showcase+-+todos+productos,13/06/2026 22:00
cod. NATARG-101035,"Iluminador Dúo Súper Brillo Faces 2,5 g",https://www.naturacosmeticos.com.ar/p/iluminador-duo-super-brillo/NATARG-101035?position=1031&listTitle=category+page+list+showcase+-+todos+productos,13/06/2026 22:00
cod. NATARG-137956,"Sombra Mono Metalizada Faces 1,5 g",https://www.naturacosmeticos.com.ar/p/sombra-mono-metalizada-15-g/NATARG-137956?position=1032&listTitle=category+page+list+showcase+-+todos+productos,13/06/2026 22:00
cod. NATARG-122480,Pulpa hidratante corporal,https://www.naturacosmeticos.com.ar/p/pulpa-hidratante-corporal-250g/NATARG-122480?position=1033&listTitle=category+page+list+showcase+-+todos+productos,13/06/2026 22:00
cod. NATARG-172416,"Labial Líquido Súper Brillo Faces 3,5 g",https://www.naturacosmeticos.com.ar/p/labial-liquido-super-brillo-faces-35-g/NATARG-172416?position=1034&listTitle=category+page+list+showcase+-+todos+productos,13/06/2026 22:00
cod. NATARG-132667,Sombra Líquida Fix Una 4 g,https://www.naturacosmeticos.com.ar/p/sombra-liquida-fix-4g/NATARG-132667?position=1035&listTitle=category+page+list+showcase+-+todos+productos,13/06/2026 22:00
cod. NATARG-00033,Producto sin nombre,https://www.naturacosmeticos.com.ar/p/lapiz-para-ojos-faces/NATARG-00033?position=1036&listTitle=category+page+list+showcase+-+todos+productos,13/06/2026 22:00
cod. NATARG-170970,Eau de Toilette Masculino noche Sr. N nox 100ml,https://www.naturacosmeticos.com.ar/p/sr-n-nox-eau-de-toilette-100-ml/NATARG-170970?position=1037&listTitle=category+page+list+showcase+-+todos+productos,13/06/2026 22:00
cod. NATARG-00092,Producto sin nombre,https://www.naturacosmeticos.com.ar/p/labial-extremo-confort-fps-25-satinado-una-38g/NATARG-00092?position=1038&listTitle=category+page+list+showcase+-+todos+productos,13/06/2026 22:00
cod. NATARG-21307,Aceite Bifásico Corporal Tododia Cereza y Avellana 120 ml,https://www.naturacosmeticos.com.ar/p/aceite-bifasico-corporal-tododia-cereza-y-avellana-120-ml/NATARG-21307?position=1039&listTitle=category+page+list+showcase+-+todos+productos,13/06/2026 22:00
cod. NATARG-151547,Bálsamo Post Afeitado Essencial Exclusivo 75 ml,https://www.naturacosmeticos.com.ar/p/balsamo-post-afeitado-essencial-exclusivo-75-ml/NATARG-151547?position=1040&listTitle=category+page+list+showcase+-+todos+productos,13/06/2026 22:00
cod. NATARG-91820,Hidratante Facial Piel Normal a Seca Faces 50 ml,https://www.naturacosmeticos.com.ar/p/hidratante-aclarador-piel-normal-a-seca/NATARG-91820?position=1041&listTitle=category+page+list+showcase+-+todos+productos,13/06/2026 22:00
cod. NATARG-10156,"Lápiz para Cejas Faces 1,14 g",https://www.naturacosmeticos.com.ar/p/lapiz-para-cejas-faces/NATARG-10156?position=1042&listTitle=category+page+list+showcase+-+todos+productos,13/06/2026 22:00
cod. NATARG-107555,Lápiz Retráctil para Cejas Una 250 mg,https://www.naturacosmeticos.com.ar/p/lapiz-retractil-para-cejas-250-mg/NATARG-107555?position=1043&listTitle=category+page+list+showcase+-+todos+productos,13/06/2026 22:00
cod. NATARG-78933,Hidratante Antiseñales Homem 40 g,https://www.naturacosmeticos.com.ar/p/hidratante-antisenales-homem-40-g/NATARG-78933?position=1044&listTitle=category+page+list+showcase+-+todos+productos,13/06/2026 22:00
cod. NATARG-106130,Repuesto Sombra Una 2 g,https://www.naturacosmeticos.com.ar/p/repuesto-studio-palette-una-2g/NATARG-106130?position=1045&listTitle=category+page+list+showcase+-+todos+productos,13/06/2026 22:00
cod. NATARG-134584,Crema Nutritiva para manos Tododia Uva Rosada y Granada 50ml,https://www.naturacosmeticos.com.ar/p/crema-nutritiva-para-manos-tododia-uva-rosada-y-granada-50ml/NATARG-134584?position=1046&listTitle=category+page+list+showcase+-+todos+productos,13/06/2026 22:00
cod. NATARG-174493,Jabón Líquido Íntimo Tododia Cereza y Avellana 200 ml,https://www.naturacosmeticos.com.ar/p/jabon-liquido-intimo-tododia-cereza-y-avellana-200-ml/NATARG-174493?position=1047&listTitle=category+page+list+showcase+-+todos+productos,13/06/2026 22:00
cod. NATARG-168988,Jabón Líquido Corporal Tododia Frambuesa y Pimienta Roja 300 ml,https://www.naturacosmeticos.com.ar/p/jabon-liquido-corporal-tododia-frambuesa-y-pimienta-roja-300-ml/NATARG-168988?position=1048&listTitle=category+page+list+showcase+-+todos+productos,13/06/2026 22:00
cod. NATARG-78902,Shampoo Antioleosidad Homem 300ml,https://www.naturacosmeticos.com.ar/p/shampoo-antioleosidad-homem-300-ml/NATARG-78902?position=1049&listTitle=category+page+list+showcase+-+todos+productos,13/06/2026 22:00
cod. NATARG-106540,Esmalte Faces Faces 6 ml,https://www.naturacosmeticos.com.ar/p/esmalte-faces-6-ml/NATARG-106540?position=1050&listTitle=category+page+list+showcase+-+todos+productos,13/06/2026 22:00
cod. NATARG-134606,Tododia Flor de Manzana Body Splash 200 ml,https://www.naturacosmeticos.com.ar/p/tododia-flor-de-manzana-body-splash-200-ml/NATARG-134606?position=1051&listTitle=category+page+list+showcase+-+todos+productos,13/06/2026 22:00
cod. NATARG-106548,Esmalte Faces azul Santiago 6ml,https://www.naturacosmeticos.com.ar/p/esmalte-faces-6-ml/NATARG-106548?position=1052&listTitle=category+page+list+showcase+-+todos+productos,13/06/2026 22:00
cod. NATARG-116195,"Labial Multimix Cremoso Faces 3,5 g",https://www.naturacosmeticos.com.ar/p/labial-multimix-cremoso-faces-35-g/NATARG-116195?position=1053&listTitle=category+page+list+showcase+-+todos+productos,13/06/2026 22:00
cod. NATURA-379,Perfume en aceite 379 Benjoim Cumaru 15ml,https://www.naturacosmeticos.com.ar/p/perfume-en-aceite-natura-379-benjoim-cumaru-15-ml/NATARG-139038?position=1054&listTitle=category+page+list+showcase+-+todos+productos,13/06/2026 22:00
cod. NATARG-150177,Esmalte 3D Gel Una 8 ml,https://www.naturacosmeticos.com.ar/p/esmalte-3d-gel-arte-990-8-ml/NATARG-150177?position=1055&listTitle=category+page+list+showcase+-+todos+productos,13/06/2026 22:00
cod. NATARG-108630,Crema Hidratante Corporal EkosTukuma 200ml,https://www.naturacosmeticos.com.ar/p/crema-hidratante-corporal-ekostukuma-200ml/NATARG-108630?position=1056&listTitle=category+page+list+showcase+-+todos+productos,13/06/2026 22:00
cod. NATARG-00019,Producto sin nombre,https://www.naturacosmeticos.com.ar/p/labial-color-hidra-fps-8/NATARG-00019?position=1057&listTitle=category+page+list+showcase+-+todos+productos,13/06/2026 22:00
cod. NATARG-00039,Producto sin nombre,https://www.naturacosmeticos.com.ar/p/polvo-compacto-mate-faces/NATARG-00039?position=1058&listTitle=category+page+list+showcase+-+todos+productos,13/06/2026 22:00
cod. NATARG-139237,Essencial Ato Eau De Parfum Masculino,https://www.naturacosmeticos.com.ar/p/essencial-ato-eau-de-parfum-masculino-100-ml/NATARG-139237?position=1059&listTitle=category+page+list+showcase+-+todos+productos,13/06/2026 22:00
cod. NATARG-000157,Producto sin nombre,https://www.naturacosmeticos.com.ar/p/esmalte-3d-gel-una/NATARG-000157?position=1060&listTitle=category+page+list+showcase+-+todos+productos,13/06/2026 22:00
cod. NATARG-110184,Base Sérum Nude Me Una 30 ml,https://www.naturacosmeticos.com.ar/p/base-serum-nude-me-30ml/NATARG-110184?position=1061&listTitle=category+page+list+showcase+-+todos+productos,13/06/2026 22:00
cod. NATARG-106139,Repuesto Sombra Una 2 g,https://www.naturacosmeticos.com.ar/p/repuesto-sombra-verde-esmeralda-matte-2g/NATARG-106139?position=1062&listTitle=category+page+list+showcase+-+todos+productos,13/06/2026 22:00
cod. NATARG-106126,Repuesto Sombra Una 2 g,https://www.naturacosmeticos.com.ar/p/repuesto-sombra-champagne-glow-2g/NATARG-106126?position=1063&listTitle=category+page+list+showcase+-+todos+productos,13/06/2026 22:00
cod. NATARG-70722,"Maxi Paleta de Sombras 12 Tonos Nudes Una 11,2 g",https://www.naturacosmeticos.com.ar/p/maxxi-palette-de-sombras-12-tonos-nudes-una-112-g/NATARG-70722?position=1064&listTitle=category+page+list+showcase+-+todos+productos,13/06/2026 22:00
cod. NATARG-90176,Neutralizador de Espinillas Faces 10 g,https://www.naturacosmeticos.com.ar/p/neutralizador-de-espinillas/NATARG-90176?position=1065&listTitle=category+page+list+showcase+-+todos+productos,13/06/2026 22:00
cod. NATARG-148192,Mini anotador,https://www.naturacosmeticos.com.ar/p/libreta/NATARG-148192?position=1066&listTitle=category+page+list+showcase+-+todos+productos,13/06/2026 22:00
cod. NATARG-16269,Jabón Biome Exfoliante en Barra 90g,https://www.naturacosmeticos.com.ar/p/biome-jabon-exfoliante-en-barra-90g/NATARG-16269?position=1067&listTitle=category+page+list+showcase+-+todos+productos,13/06/2026 22:00
cod. NATARG-70389,Repuesto Jabón Líquido para Manos Ekos Castaña 250 ml,https://www.naturacosmeticos.com.ar/p/repuesto-jabon-liquido-para-manos-castana-250ml/NATARG-70389?position=1068&listTitle=category+page+list+showcase+-+todos+productos,13/06/2026 22:00
cod. NATARG-97637,Base liquida mate Faces,https://www.naturacosmeticos.com.ar/p/base-liquida-mate-faces-20-ml/NATARG-97637?position=1069&listTitle=category+page+list+showcase+-+todos+productos,13/06/2026 22:00
cod. NATARG-24865,"Repuesto Iluminador Marmolizado de Cuerpo y Rostro Una 3,5 g",https://www.naturacosmeticos.com.ar/p/repuesto-iluminador-marmorizado/NATARG-24865?position=1070&listTitle=category+page+list+showcase+-+todos+productos,13/06/2026 22:00
cod. NATARG-27703,Lápiz Delineador Retráctil para Ojos a Prueba de Agua Una 280 mg,https://www.naturacosmeticos.com.ar/p/lapiz-delineador-retractil-para-ojos-a-prueba-de-agua-una-280-mg/NATARG-27703?position=1071&listTitle=category+page+list+showcase+-+todos+productos,13/06/2026 22:00
cod. NATARG-106550,Esmalte Faces 6 ml,https://www.naturacosmeticos.com.ar/p/esmalte-faces-6-ml/NATARG-106550?position=1072&listTitle=category+page+list+showcase+-+todos+productos,13/06/2026 22:00
cod. NATARG-148419,Spray Definición Intensa Lumina 150ml,https://www.naturacosmeticos.com.ar/p/spray-humidificador-reactivador-cabellos-rizados-y-afros-150ml/NATARG-148419?position=1073&listTitle=category+page+list+showcase+-+todos+productos,13/06/2026 22:00
cod. NATARG-107366,Labial Color Hidra FPS 8,https://www.naturacosmeticos.com.ar/p/labial-color-hidra-fps-8/NATARG-107366?position=1074&listTitle=category+page+list+showcase+-+todos+productos,13/06/2026 22:00
cod. NATARG-163222,Esmalte Glitter Faces 6 ml,https://www.naturacosmeticos.com.ar/p/esmalte-glitter-faces-6-ml/NATARG-163222?position=1075&listTitle=category+page+list+showcase+-+todos+productos,13/06/2026 22:00
cod. NATARG-127766,Base Matte Powder Multifuncional Una 20 g,https://www.naturacosmeticos.com.ar/p/base-matte-powder-multifuncional-20-g/NATARG-127766?position=1076&listTitle=category+page+list+showcase+-+todos+productos,13/06/2026 22:00
cod. NATARG-170796,Body splash Flor de Durazno y Jazmin Tododia 200ml,https://www.naturacosmeticos.com.ar/p/body-splash-tododia-flor-de-durazno-y-jazmin-200-ml/NATARG-170796?position=1077&listTitle=category+page+list+showcase+-+todos+productos,13/06/2026 22:00
cod. NATARG-139249,Vela Bothanica Aura Gingi 170 g,https://www.naturacosmeticos.com.ar/p/vela-bothanica-aura-gingi-170-g/NATARG-139249?position=1078&listTitle=category+page+list+showcase+-+todos+productos,13/06/2026 22:00
cod. NATARG-75493,Óleo Bifásico Corporal Ekos Tukumá 200 ml,https://www.naturacosmeticos.com.ar/p/oleo-bifasico-corporal-ekos-tukuma-200-ml/NATARG-75493?position=1079&listTitle=category+page+list+showcase+-+todos+productos,13/06/2026 22:00
cod. NATARG-170908,Crema Nutritiva para Manos Tododia Flor de Durazno y Jazmin 50 ml,https://www.naturacosmeticos.com.ar/p/crema-nutritiva-para-manos-tododia-flor-de-durazno-y-jazmin-50-ml/NATARG-170908?position=1080&listTitle=category+page+list+showcase+-+todos+productos,13/06/2026 22:00
cod. NATARG-00014,Producto sin nombre,https://www.naturacosmeticos.com.ar/p/esmalte-faces-6-ml/NATARG-00014?position=1081&listTitle=category+page+list+showcase+-+todos+productos,13/06/2026 22:00
cod. NATARG-140915,Hidratante labial Ekos 10 mll,https://www.naturacosmeticos.com.ar/p/hidratante-labial-10ml/NATARG-140915?position=1082&listTitle=category+page+list+showcase+-+todos+productos,13/06/2026 22:00
cod. NATARG-23149,Crema Nutritiva Tododia Hojas de Limón y Guanábana 200 ml,https://www.naturacosmeticos.com.ar/p/crema-nutritiva-hojas-de-limon-y-guanabana-tododia-200ml/NATARG-23149?position=1083&listTitle=category+page+list+showcase+-+todos+productos,13/06/2026 22:00
cod. NATARG-91192,Jabón Líquido Tododia Mango Rosa y Agua de Coco 300 ml,https://www.naturacosmeticos.com.ar/p/jabon-liquido-mango-rosa-y-agua-de-coco-tododia-300-ml/NATARG-91192?position=1084&listTitle=category+page+list+showcase+-+todos+productos,13/06/2026 22:00
cod. NATARG-86954,Repuesto Mascara Regeneradora Lumina 250 ml,https://www.naturacosmeticos.com.ar/p/repuesto-mascara-regeneradora-250ml-lumina/NATARG-86954?position=1085&listTitle=category+page+list+showcase+-+todos+productos,13/06/2026 22:00
cod. NATURA-861,Vela Perfumada Natura 861 Guaiaco Pataqueira 170 g,https://www.naturacosmeticos.com.ar/p/vela-perfumada-natura-861-guaiaco-pataqueira-170-g/NATARG-151027?position=1086&listTitle=category+page+list+showcase+-+todos+productos,13/06/2026 22:00
cod. NATARG-78932,Gel fijador para cabello Homem 100g,https://www.naturacosmeticos.com.ar/p/nat-homem-gel-fixador-100g/NATARG-78932?position=1087&listTitle=category+page+list+showcase+-+todos+productos,13/06/2026 22:00
cod. NATARG-116403,Polvo Compacto Nude Me Una 10 g,https://www.naturacosmeticos.com.ar/p/polvo-compacto-nude-me/NATARG-116403?position=1088&listTitle=category+page+list+showcase+-+todos+productos,13/06/2026 22:00
cod. NATARG-154871,Máscara Hidratación Manzana verde y Aloe Vera Tododia 250ml,https://www.naturacosmeticos.com.ar/p/mascara-concentrada-hidratante-tododia-manzana-verde-y-aloe-vera--250-ml/NATARG-154871?position=1089&listTitle=category+page+list+showcase+-+todos+productos,13/06/2026 22:00
cod. NATARG-32542,Mistureba Jabones en Barra Surtidos Naturé Caja con 4 x 90 g c/u,https://www.naturacosmeticos.com.ar/p/mistureba-jabones-en-barra-surtidos-nature-caja-con-4-x-90-g-cu/NATARG-32542?position=1090&listTitle=category+page+list+showcase+-+todos+productos,13/06/2026 22:00
cod. NATARG-148399,Repuesto Acondicionador Reconstrucción de Daños Extremos,https://www.naturacosmeticos.com.ar/p/respuesto-acondicionador-pro-vitalidad-cabellos-quimicamente-danados-300ml/NATARG-148399?position=1091&listTitle=category+page+list+showcase+-+todos+productos,13/06/2026 22:00
cod. NATARG-16528,Shampoo en Barra hidratante Biome 90g,https://www.naturacosmeticos.com.ar/p/biome-shampoo-hidratante-en-barra-90g/NATARG-16528?position=1092&listTitle=category+page+list+showcase+-+todos+productos,13/06/2026 22:00
cod. NATARG-70721,"Lápiz Kajal para Ojos Una 1,14 g",https://www.naturacosmeticos.com.ar/p/lapiz-kajal-para-ojos-marron/NATARG-70721?position=1093&listTitle=category+page+list+showcase+-+todos+productos,13/06/2026 22:00
cod. NATARG-75239,Rubor Intense Me Una 6 g,https://www.naturacosmeticos.com.ar/p/rubor-intense-me-una/NATARG-75239?position=1094&listTitle=category+page+list+showcase+-+todos+productos,13/06/2026 22:00
cod. NATARG-75241,Rubor Intense Me Una 6 g,https://www.naturacosmeticos.com.ar/p/rubor-intense-me-una/NATARG-75241?position=1095&listTitle=category+page+list+showcase+-+todos+productos,13/06/2026 22:00
cod. NATARG-80691,Perfume para el Cabello Plant 30 ml,https://www.naturacosmeticos.com.ar/p/perfume-para-el-cabello-inspira/NATARG-80691?position=1096&listTitle=category+page+list+showcase+-+todos+productos,13/06/2026 22:00
cod. NATARG-104880,Repuesto Base Fluida HD Una 30 ml,https://www.naturacosmeticos.com.ar/p/repuesto-base-fluida-hd-una-30ml/NATARG-104880?position=1097&listTitle=category+page+list+showcase+-+todos+productos,13/06/2026 22:00
cod. NATARG-9921,"Lápiz para Ojos Faces 1,3 g",https://www.naturacosmeticos.com.ar/p/lapiz-para-ojos-faces/NATARG-9921?position=1098&listTitle=category+page+list+showcase+-+todos+productos,13/06/2026 22:00
cod. NATARG-116404,Polvo Compacto Nude Me Una 10 g,https://www.naturacosmeticos.com.ar/p/polvo-compacto-nude-me/NATARG-116404?position=1099&listTitle=category+page+list+showcase+-+todos+productos,13/06/2026 22:00
cod. NATARG-106534,Esmalte Faces 6 ml,https://www.naturacosmeticos.com.ar/p/esmalte-faces-6-ml/NATARG-106534?position=1100&listTitle=category+page+list+showcase+-+todos+productos,13/06/2026 22:00
cod. NATARG-112892,Sérum nocturno Antidaños y Reconstrucción Murumuru Ekos 30ml,https://www.naturacosmeticos.com.ar/p/serum-nocturno-murumuru-ekos-30-ml/NATARG-112892?position=1101&listTitle=category+page+list+showcase+-+todos+productos,13/06/2026 22:00
cod. NATARG-176406,Perfume para cabello Cereza y Avellana Tododia 60ml,https://www.naturacosmeticos.com.ar/p/esencia-tododia-cereza-y-avellana-60-ml/NATARG-176406?position=1102&listTitle=category+page+list+showcase+-+todos+productos,13/06/2026 22:00
cod. NATARG-118042,Accesorio Bioresina Biome,https://www.naturacosmeticos.com.ar/p/biome-accesorio-bioresina/NATARG-118042?position=1103&listTitle=category+page+list+showcase+-+todos+productos,13/06/2026 22:00
cod. NATARG-150176,Esmalte 3D Gel Una 8 ml,https://www.naturacosmeticos.com.ar/p/esmalte-3d-gel-versos-510-8-ml/NATARG-150176?position=1104&listTitle=category+page+list+showcase+-+todos+productos,13/06/2026 22:00
cod. NATARG-95840,Jabones en Barra Puro Vegetal Tododia Cereza y Avellana 5 unidades de 90 g c/u,https://www.naturacosmeticos.com.ar/p/jabones-en-barra-puro-vegetal-tododia-cereza-y-avellana-5-unidades-de-90-g-cu/NATARG-95840?position=1105&listTitle=category+page+list+showcase+-+todos+productos,13/06/2026 22:00
cod. NATARG-140919,Pulpa hidratante corporal,https://www.naturacosmeticos.com.ar/p/pulpa-hidratante-corporal-250ml/NATARG-140919?position=1106&listTitle=category+page+list+showcase+-+todos+productos,13/06/2026 22:00
cod. NATARG-10045,"Lápiz Kajal Color Intenso Faces 1,3 g",https://www.naturacosmeticos.com.ar/p/lapiz-kajal-color-intenso-faces/NATARG-10045?position=1107&listTitle=category+page+list+showcase+-+todos+productos,13/06/2026 22:00
cod. NATARG-145471,Jabones Monodosis para manos Ekos Castaña 30 unidades de 500 mg c/u,https://www.naturacosmeticos.com.ar/p/jabones-monodosis-para-manos-ekos-castana-30-unidades-de-500-mg-cu/NATARG-145471?position=1108&listTitle=category+page+list+showcase+-+todos+productos,13/06/2026 22:00
cod. NATARG-110681,Repuesto Polvo Compacto Nude Me Una 10 g,https://www.naturacosmeticos.com.ar/p/repuesto-polvo-compacto-nude-me/NATARG-110681?position=1109&listTitle=category+page+list+showcase+-+todos+productos,13/06/2026 22:00
cod. NATARG-97644,Base liquida mate Faces,https://www.naturacosmeticos.com.ar/p/base-liquida-mate-faces-20-ml/NATARG-97644?position=1110&listTitle=category+page+list+showcase+-+todos+productos,13/06/2026 22:00
cod. NATARG-92584,Repuesto Rubor Intense Me Una 6 g,https://www.naturacosmeticos.com.ar/p/repuesto-rubor-intense-me/NATARG-92584?position=1111&listTitle=category+page+list+showcase+-+todos+productos,13/06/2026 22:00
cod. NATARG-110680,Repuesto Polvo Compacto Nude Me Una 10 g,https://www.naturacosmeticos.com.ar/p/repuesto-polvo-compacto-nude-me/NATARG-110680?position=1112&listTitle=category+page+list+showcase+-+todos+productos,13/06/2026 22:00
cod. NATARG-107130,Corrector Cushion Nude Me Una 12 ml,https://www.naturacosmeticos.com.ar/p/corrector-cushion-nude-me/NATARG-107130?position=1113&listTitle=category+page+list+showcase+-+todos+productos,13/06/2026 22:00
cod. NATARG-95773,"Labial Matte Powder Una 3,4 g",https://www.naturacosmeticos.com.ar/p/labial-matte-powder-una-34-g/NATARG-95773?position=1114&listTitle=category+page+list+showcase+-+todos+productos,13/06/2026 22:00
cod. NATARG-92576,Repuesto Rubor Intense Me Una 6 g,https://www.naturacosmeticos.com.ar/p/repuesto-rubor-intense-me/NATARG-92576?position=1115&listTitle=category+page+list+showcase+-+todos+productos,13/06/2026 22:00
cod. NATARG-2827,Repuesto Crema Nutritiva Tododia Flor de Lis 400 ml,https://www.naturacosmeticos.com.ar/p/repuesto-hidratante-corporal-flor-de-lis-400ml-tododia/NATARG-2827?position=1116&listTitle=category+page+list+showcase+-+todos+productos,13/06/2026 22:00
cod. NATARG-155879,"Labial Extremo Confort FPS 25 Satinado Una 3,8 g",https://www.naturacosmeticos.com.ar/p/labial-extremo-confort-fps-25-satinado-una-38g/NATARG-155879?position=1117&listTitle=category+page+list+showcase+-+todos+productos,13/06/2026 22:00
cod. NATARG-127777,Base Matte Powder Multifuncional Una 20 g,https://www.naturacosmeticos.com.ar/p/base-matte-powder-multifuncional-20-g/NATARG-127777?position=1118&listTitle=category+page+list+showcase+-+todos+productos,13/06/2026 22:00
cod. NATARG-15479,Esmalte 3D Gel Una 8 ml,https://www.naturacosmeticos.com.ar/p/esmaltes-3d-gel/NATARG-15479?position=1119&listTitle=category+page+list+showcase+-+todos+productos,13/06/2026 22:00
cod. NATARG-146890,"Shampoo 3 en 1: cabello, cuerpo y barba Homem Coragio 125 ml",https://www.naturacosmeticos.com.ar/p/homem-sh-nh-coragio-3em1-125ml/NATARG-146890?position=1120&listTitle=category+page+list+showcase+-+todos+productos,13/06/2026 22:00
cod. NATARG-139238,Crema Hidratante para Manos Bothanica Ficus Herb 230 ml,https://www.naturacosmeticos.com.ar/p/crema-hidratante-para-manos-bothanica-ficus-herb-230-ml/NATARG-139238?position=1121&listTitle=category+page+list+showcase+-+todos+productos,13/06/2026 22:00
cod. NATARG-139241,Jabón Líquido para Manos Bothanica Ficus Herb 230 ml,https://www.naturacosmeticos.com.ar/p/jabon-liquido-para-manos-bothanica-ficus-herb-230-ml/NATARG-139241?position=1122&listTitle=category+page+list+showcase+-+todos+productos,13/06/2026 22:00
cod. NATARG-00022,Producto sin nombre,https://www.naturacosmeticos.com.ar/p/labial-matte-intransferible-8ml/NATARG-00022?position=1123&listTitle=category+page+list+showcase+-+todos+productos,13/06/2026 22:00
cod. NATARG-107781,Eau de Toilette Masculino Kaiak Oceano 25ml,https://www.naturacosmeticos.com.ar/p/kaiak-oceano-edt-masculino-25ml/NATARG-107781?position=1124&listTitle=category+page+list+showcase+-+todos+productos,13/06/2026 22:00
cod. NATARG-72178,Crema Nutritiva Para Manos Algodón Tododia,https://www.naturacosmeticos.com.ar/p/crema-nutritiva-para-manos-algodon-tododia-50-ml/NATARG-72178?position=1125&listTitle=category+page+list+showcase+-+todos+productos,13/06/2026 22:00
cod. NATARG-115508,Jabón En Barra Puro Vegetal Kaiak 90 g,https://www.naturacosmeticos.com.ar/p/jabon-en-barra-puro-vegetal-kaiak/NATARG-115508?position=1126&listTitle=category+page+list+showcase+-+todos+productos,13/06/2026 22:00
cod. NATARG-105351,Eau de Toilette Femenino Humor On-line 75ml,https://www.naturacosmeticos.com.ar/p/eau-de-toilette-humor-on-line-femenino-75-ml/NATARG-105351?position=1127&listTitle=category+page+list+showcase+-+todos+productos,13/06/2026 22:00
cod. NATARG-58005,Repuesto Antiseñales 70+ Noche,https://www.naturacosmeticos.com.ar/p/repuesto-antisenales-70-noche/NATARG-58005?position=1128&listTitle=category+page+list+showcase+-+todos+productos,13/06/2026 22:00
cod. NATARG-103998,Crema Nutritiva Para Manos Ciruela Y Flor De Vainilla Tododia,https://www.naturacosmeticos.com.ar/p/crema-nutritiva-para-manos-ciruela-y-flor-de-vainilla-tododia-50-ml/NATARG-103998?position=1129&listTitle=category+page+list+showcase+-+todos+productos,13/06/2026 22:00
cod. NATARG-8885,"Polvo Compacto Matte Faces 6,5 g",https://www.naturacosmeticos.com.ar/p/polvo-compacto-mate-faces/NATARG-8885?position=1130&listTitle=category+page+list+showcase+-+todos+productos,13/06/2026 22:00
cod. NATARG-108130,Base Matte Una 30 ml,https://www.naturacosmeticos.com.ar/p/base-matte-20n-medio-claro-30-ml-una/NATARG-108130?position=1131&listTitle=category+page+list+showcase+-+todos+productos,13/06/2026 22:00
cod. NATARG-191623,Base Líquida HD Una 30 ml,https://www.naturacosmeticos.com.ar/p/base-liquida-hd-una-30-ml/NATARG-191623?position=1132&listTitle=category+page+list+showcase+-+todos+productos,13/06/2026 22:00
cod. NATARG-121606,Acondicionador Antidaños y Reconstrucción Murumuru Ekos 30ml,https://www.naturacosmeticos.com.ar/p/acondicionador-antidanos-y-reconstruccion-murumuru-ekos-30ml/NATARG-121606?position=1133&listTitle=category+page+list+showcase+-+todos+productos,13/06/2026 22:00
cod. NATARG-73343,Repuesto Acondicionador Anticaída Patauá Ekos 300ml,https://www.naturacosmeticos.com.ar/p/repuesto-acondicionador-ekos-pataua-300-ml/NATARG-73343?position=1134&listTitle=category+page+list+showcase+-+todos+productos,13/06/2026 22:00
cod. NATARG-139240,Jabón Líquido para Manos Bothanica Fructus Folium 230 ml,https://www.naturacosmeticos.com.ar/p/jabon-liquido-para-manos-bothanica-fructus-folium-230-ml/NATARG-139240?position=1135&listTitle=category+page+list+showcase+-+todos+productos,13/06/2026 22:00
cod. NATARG-170811,Jabón en Barra Puro Vegetal Ekos Madeira en Flor 100 g,https://www.naturacosmeticos.com.ar/p/jabon-en-barra-puro-vegetal-ekos-madeira-en-flor-100-g/NATARG-170811?position=1136&listTitle=category+page+list+showcase+-+todos+productos,13/06/2026 22:00
cod. NATARG-95843,Jabón Líquido en Gel Tododia Cereza y Avellana 300 ml,https://www.naturacosmeticos.com.ar/p/jabon-liquido-en-gel-tododia-cereza-y-avellana-300-ml/NATARG-95843?position=1137&listTitle=category+page+list+showcase+-+todos+productos,13/06/2026 22:00
cod. NATARG-00045,Producto sin nombre,https://www.naturacosmeticos.com.ar/p/repuesto-rubor-intense-me/NATARG-00045?position=1138&listTitle=category+page+list+showcase+-+todos+productos,13/06/2026 22:00
